City,City Description
Absecon,"<h2 data-id=""rjh6bQd22rxrE_umFqUIO"" id=""rjh6bQd22rxrE_umFqUIO"">Best Pet Clinics in Absecon</h2><p>You want the best for your furry friend, and finding the right pet clinic in Absecon is crucial. Here are some top-rated clinics that excel in providing quality care, ensuring your pet remains healthy and happy.</p><h3>1. Absecon Veterinary Hospital</h3><p>Absecon Veterinary Hospital offers a full range of services, including wellness exams, vaccinations, and dental care. Their experienced team of veterinarians emphasizes personalized care. Patients often praise the compassionate staff, noting how they treat pets like family members. Many clients appreciate the facility's clean environment and advanced technology, which enhance the healthcare experience.</p><h3>2. Little River Veterinary Hospital</h3><p>Little River Veterinary Hospital focuses on preventive care while also providing emergency services. Their skilled veterinarians and support staff work collaboratively, ensuring your pet receives comprehensive care. Testimonials highlight the clinic's thorough communication. Owners feel reassured knowing they can reach out with questions anytime. Such dedication fosters trust between clients and caregivers.</p><h3>3. Shore Veterinarians</h3><p>Shore Veterinarians combines expertise with a friendly atmosphere. They offer routine services like spaying, neutering, and vaccinations, along with more specialized treatments. Numerous reviews mention the clinic’s approachable staff, making visits less stressful for both pets and owners. The commitment to client education empowers you to make informed decisions about your pet's health.</p><h3>4. VCA Absecon Animal Hospital</h3><p>VCA Absecon Animal Hospital stands out due to its team of board-certified specialists available for advanced medical cases. This clinic provides 24/7 emergency care, ensuring you and your pet receive support whenever necessary. Many pet owners laud the facility for its state-of-the-art diagnostics and treatment options, which are vital for rapidly addressing urgent health concerns.</p><h3>5. Atlantic County Veterinary Hospital</h3><p>Atlantic County Veterinary Hospital focuses on both routine care and orthopedic procedures. Clients frequently mention the clinic’s ability to accommodate urgent appointments, showcasing their dedication to pet health. The friendly technicians and veterinarians create a warm environment, helping to alleviate anxiety during visits. Reviews often reflect satisfaction with the clinic’s transparent pricing and willingness to discuss treatment options.</p><p>Each of these clinics shines in specific areas, so your choice may depend on the unique needs of your pet. Take the time to visit and speak with the staff, understanding that a positive experience can make all the difference in maintaining your pet’s health and happiness.</p><h2 data-id=""rxt46rmLEkigobHyTYJEl"" id=""rxt46rmLEkigobHyTYJEl"">Factors to Consider When Choosing a Veterinarian in Absecon</h2><p>Selecting a veterinarian involves several key factors that influence your pet's health and your peace of mind. Focus on these elements to ensure you choose the right clinic in Absecon.</p><ul><li><strong>Qualifications and Experience</strong>: Evaluate the veterinarian's education and experience. Look for board certifications in specific fields, showing commitment to advanced knowledge. You want someone who understands your pet's unique needs.</li><li><strong>Services Offered</strong>: Consider the variety of services available. A clinic offering routine check-ups, emergency care, and specialized treatments caters to all your pet’s health needs. Check if the clinic provides preventive care options like vaccinations and dental cleanings.</li><li><strong>Facility Environment</strong>: Visit the clinic to gauge the cleanliness and comfort level of the space. A welcoming, well-maintained environment indicates quality care. Your pet should feel safe and secure during visits.</li><li><strong>Communication Style</strong>: Assess how the veterinarian communicates. You want someone approachable who takes time to explain procedures and answer questions. Effective communication fosters a collaborative approach to your pet's healthcare.</li><li><strong>Staff Attitude</strong>: Observe the clinic’s staff interactions. Friendly, compassionate team members create a positive experience for you and your pet. Their willingness to address concerns reflects the clinic’s overall commitment to care.</li><li><strong>Client Reviews and Recommendations</strong>: Research online reviews and ask fellow pet owners for referrals. Positive testimonials about a clinic can guide you in making informed decisions. Personal experiences often provide insight into the clinic's reliability.</li><li><strong>Location and Availability</strong>: Choose a conveniently located clinic that offers flexible hours. Accessibility matters, especially in emergencies. You want to ensure timely care without added stress.</li></ul><p>Paying attention to these factors helps you find a veterinarian in Absecon who not only meets your pet’s needs but also aligns with your expectations for care and service.</p><h2 data-id=""_UiobPFKhqFThr-f5jRds"" id=""_UiobPFKhqFThr-f5jRds"">Cost and Affordability of Pet Clinics in Absecon</h2><p>Pet care costs can vary significantly across clinics in Absecon, affecting pet owners' choices. It's essential to understand these factors to find services that fit your budget while ensuring quality care for your furry friend.</p><ol><li><strong>Routine Check-Ups</strong>: Routine visits typically range from $50 to $150. These visits cover vaccinations, wellness exams, and basic health assessments. Clinics like Little River Veterinary Hospital emphasize preventive care, often recommending regular check-ups to avoid costly treatments later.</li><li><strong>Emergency Services</strong>: Emergency care comes with higher costs, usually between $150 to $500, depending on the situation. VCA Absecon Animal Hospital offers 24/7 emergency services, and while this adds a premium, it's vital for serious issues needing immediate attention.</li><li><strong>Specialty Treatments</strong>: Specialty services can vary widely, often reaching $1,000 or more for advanced diagnostics or procedures. Clinics with board-certified specialists, such as those at VCA Absecon, provide invaluable expertise, which can justify the expense in critical situations.</li><li><strong>Payment Plans and Insurance</strong>: Many clinics work with pet insurance providers and offer payment plans to help ease the financial burden. It's worth discussing options upfront to find solutions that fit your financial situation.</li><li><strong>Location and Amenities</strong>: The clinic's location and amenities also influence costs. Facilities that invest in advanced technologies or high-quality environments may charge more. But, remember these investments often lead to better outcomes for your pet.</li></ol><p>By considering these cost factors, you can make informed decisions about your pet's healthcare. Prioritizing quality while staying within your budget fosters a happier, healthier life for your furry companion.</p>"
Adairsville,"<h2 data-id=""6HAPFsTFDFTzLULa3y3dF"" id=""6HAPFsTFDFTzLULa3y3dF"">Best Pet Clinics in Adairsville</h2><p>Finding the right pet clinic can make all the difference in your furry friend's life. In Adairsville, several clinics stand out for their quality care and dedication to your pet’s health.</p><h3>1. Adairsville Animal Hospital</h3><p>Adairsville Animal Hospital offers a comprehensive range of services, including wellness exams, vaccinations, and preventive care. With a team of experienced veterinarians, this clinic ensures that you and your pet feel valued and supported. The staff’s friendly demeanor and clean facility create a welcoming environment for anxious pets and their owners. According to the American Animal Hospital Association, this facility meets high veterinary standards, which reflects their commitment to excellence.</p><h3>2. Animal Care Center of Adairsville</h3><p>Animal Care Center provides personalized attention to each pet. They offer everything from routine check-ups to advanced surgical procedures. The clinic focuses on educating pet owners, helping you understand your pet's needs. With a dedicated team that prioritizes compassion, many pet owners return for the lifelong care of their animals. Reviews highlight their approachable staff and efficient service, making visits less stressful for both pets and their humans.</p><h3>3. Adairsville Veterinary Associates</h3><p>Adairsville Veterinary Associates excels in emergency care and urgent services, ensuring pets receive immediate attention when necessary. Their state-of-the-art facility features modern medical technology, which enhances diagnostics and treatment. According to client testimonials, the veterinarians actively engage with pet owners during consultations, providing clear explanations and tailored recommendations. This level of communication builds trust and confidence in the care your pet receives.</p><h3>4. Paws and Claws Veterinary Clinic</h3><p>Paws and Claws Veterinary Clinic stands out for its focus on holistic care. They combine traditional veterinary medicine with alternative therapies, such as acupuncture and nutrition counseling. This approach allows for a well-rounded assessment of your pet’s health. Many clients appreciate the clinic’s emphasis on preventive measures, which helps maintain their pets’ well-being and avoid more serious issues down the road.</p><h3>5. Creekside Animal Hospital</h3><p>Creekside Animal Hospital features a passion for both pets and their owners. The highly qualified staff specializes in offering extensive care options, including dental services and orthopedic surgery. They prioritize creating a comfortable experience, as noted in numerous reviews praising their friendly atmosphere. Their commitment to continuing education keeps them informed on the latest veterinary practices, ensuring high-quality care for your pet.</p><p>Choosing the best pet clinic in Adairsville means considering factors like specialized services, compassionate staff, and overall facility quality. Each of these clinics provides a level of care that reassures pet owners while promoting the health and happiness of their beloved animals.</p><h2 data-id=""-K32rFC8u9KbDLILYvV2u"" id=""-K32rFC8u9KbDLILYvV2u"">Factors to Consider When Choosing a Veterinarian in Adairsville</h2><p>Choosing the right veterinarian involves several key factors that ensure your pet receives the best possible care. Consider the following aspects while making your decision:</p><ol><li><strong>Location and Convenience</strong></li></ol><p>Evaluate the clinic's proximity to your home. A nearby clinic makes regular visits easier and ensures quick access in emergencies.</p><ol start=""2""><li><strong>Reputation and Reviews</strong></li></ol><p>Read online reviews and ask for recommendations from fellow pet owners. Positive feedback often points to reliable clinics that provide quality services.</p><ol start=""3""><li><strong>Services Offered</strong></li></ol><p>Confirm the range of services the clinic provides, from routine vaccinations to emergency surgeries. A full-service clinic can manage various needs over your pet's lifetime.</p><ol start=""4""><li><strong>Veterinary Credentials and Experience</strong></li></ol><p>Check the credentials of the veterinarians. Look for certifications from reputable organizations, such as the American Animal Hospital Association (AAHA).</p><ol start=""5""><li><strong>Facility and Equipment</strong></li></ol><p>Visit the clinic and assess its facilities. Check for cleanliness, organization, and up-to-date medical equipment. A well-maintained environment supports better care.</p><ol start=""6""><li><strong>Staff Interaction</strong></li></ol><p>Observe how staff interacts with both pets and owners. Friendly, attentive staff often enhance the clinic experience, making visits less stressful for you and your pet.</p><ol start=""7""><li><strong>Emergency Care Availability</strong></li></ol><p>Inquire about after-hours emergency services. Having access to 24/7 care can provide peace of mind in critical situations.</p><ol start=""8""><li><strong>Cost and Payment Options</strong></li></ol><p>Understand the clinic's pricing structure and payment plans. Transparency in costs lets you budget effectively for your pet's healthcare needs.</p><ol start=""9""><li><strong>Personalized Care Approach</strong></li></ol><p>Look for veterinarians who prioritize individualized care. A personal touch in treatment can significantly impact your pet's health and happiness.</p><ol start=""10""><li><strong>Holistic Options</strong></li></ol><p>If you're interested in alternative treatments, check if the clinic offers holistic care options alongside traditional methods.</p><p>Each factor plays a vital role in ensuring your pet receives quality care. Investing time in this decision could lead to a long-lasting, positive relationship with your chosen veterinarian, eventually benefiting your furry friend’s health and well-being.</p><h2 data-id=""c_7zCMHAQ9FPHYM5zdF7O"" id=""c_7zCMHAQ9FPHYM5zdF7O"">Cost and Affordability of Pet Clinics in Adairsville</h2><p>Understanding the cost and affordability of pet clinics in Adairsville helps you make informed decisions about your furry friend's care. Price ranges for veterinary services can vary significantly based on the clinic’s offerings and specialization. Here’s a breakdown to consider.</p><table><thead><tr><th><strong>Clinic</strong></th><th><strong>Average Cost Range</strong></th><th><strong>Services Included</strong></th></tr></thead><tbody><tr><td>Adairsville Animal Hospital</td><td>$50 - $200 per visit</td><td>Routine check-ups, vaccinations, surgeries</td></tr><tr><td>Animal Care Center of Adairsville</td><td>$30 - $150 per visit</td><td>Wellness exams, dental care, education</td></tr><tr><td>Adairsville Veterinary Associates</td><td>$60 - $250 per visit</td><td>Emergency care, specialty consultations</td></tr><tr><td>Paws and Claws Veterinary Clinic</td><td>$40 - $180 per visit</td><td>Holistic treatments, regular check-ups</td></tr><tr><td>Creekside Animal Hospital</td><td>$50 - $220 per visit</td><td>Comprehensive diagnostics, hospitalization</td></tr></tbody></table><p><strong>Consider your budget</strong> when choosing a clinic. Many provide payment plans or financing options, making healthcare accessible. Don’t hesitate to ask about costs upfront; transparency is key in building trust. You might wonder if higher prices correlate with better care, and while quality often aligns with cost, several affordable clinics maintain excellent standards.</p><p><strong>Prioritize preventive care</strong> to save money long-term. Regular check-ups can catch health issues early on, preventing expensive treatments down the line. Many clinics in Adairsville also offer wellness packages, bundling services at a reduced overall cost.</p><p><strong>Evaluate additional fees</strong>. Some clinics charge extra for after-hours emergency services or specialized tests. Make sure to clarify these aspects during your initial visit or phone consultation. Always inquire about available discounts for multiple pets or loyalty plans.</p><p><strong>Understand your pet's needs</strong>. If you have specific requirements, like holistic treatments, it’s wise to factor in these specializations when considering costs.</p><p>Choosing an affordable clinic doesn’t mean compromising on care. With research and open communication, you can find a clinic that aligns with both your budget and your pet’s health needs, ensuring a happy and healthy life together.</p>"
Adamsville,"<h2 data-id=""r8yX5Up7iBZ_4Yx7gYzK3"" id=""r8yX5Up7iBZ_4Yx7gYzK3"">Best Pet Clinics in Adamsville</h2><p>Finding the right pet clinic in Adamsville ensures your furry companions get the best care. Here are some of the top choices known for their exceptional services and friendly environments:</p><ol><li><strong>Adamsville Animal Hospital</strong></li></ol><ul><li><strong>Services Offered</strong>: General check-ups, emergency care, and dental services.</li><li><strong>Highlights</strong>: This clinic features a highly qualified team with over 20 years of experience, dedicated to providing compassionate care.</li><li><strong>Customer Feedback</strong>: Clients praise the warm atmosphere and attentive staff, making every visit less stressful for both pets and their owners.</li></ul><ol start=""2""><li><strong>Paw Place Veterinary Clinic</strong></li></ol><ul><li><strong>Services Offered</strong>: Wellness exams, vaccinations, and surgical procedures.</li><li><strong>Highlights</strong>: Paw Place combines modern technology with a welcoming environment, ensuring all pets receive top-notch care.</li><li><strong>Customer Feedback</strong>: Many pet owners appreciate the thorough explanations provided by the veterinarians, which helps them make informed decisions about their pets’ health.</li></ul><ol start=""3""><li><strong>Happy Tails Veterinary Center</strong></li></ol><ul><li><strong>Services Offered</strong>: Lab testing, boarding, and preventive care.</li><li><strong>Highlights</strong>: With a focus on preventive medicine, this clinic helps pets maintain their health over time.</li><li><strong>Customer Feedback</strong>: Pet owners report feeling part of a community, with regular updates on clinics and events that promote pet well-being.</li></ul><ol start=""4""><li><strong>Compassionate Pet Care</strong></li></ol><ul><li><strong>Services Offered</strong>: Geriatric care, acupuncture, and nutritional counseling.</li><li><strong>Highlights</strong>: This clinic specializes in holistic approaches, catering especially to older pets needing tailored care.</li><li><strong>Customer Feedback</strong>: Clients often express gratitude for the personalized attention their senior pets receive, making a difference in the quality of life.</li></ul><ol start=""5""><li><strong>Four Paws Veterinary Clinic</strong></li></ol><ul><li><strong>Services Offered</strong>: Vaccination and wellness protocols, spaying, and neutering.</li><li><strong>Highlights</strong>: Focused on affordable care, this clinic ensures accessibility for all pet owners.</li><li><strong>Customer Feedback</strong>: Visitors often highlight the friendly staff and swift service, minimizing wait times and stress for their pets.</li></ul><p>Choosing the right clinic not only addresses health issues but also builds a bond between you and your pet’s healthcare team. Look for clinics that resonate with your pet’s specific needs and your family’s values. Each of these clinics offers unique benefits, ensuring your beloved companions receive quality care with a personal touch.</p><h2 data-id=""Khi3ICSc-N2fS1joi2WZB"" id=""Khi3ICSc-N2fS1joi2WZB"">Factors to Consider When Choosing a Veterinarian in Adamsville</h2><p>Choosing a veterinarian in Adamsville isn’t just about proximity or cost. It's about finding the right fit for both you and your pet. Prioritize the following factors to make a well-well-informed choice.</p><h3>Qualifications and Experience</h3><p>Look for veterinarians with proper credentials. Check if they’re licensed and have additional certifications in specialized fields, such as surgery or dermatology. A strong background often indicates a vet's ability to handle various cases effectively.</p><h3>Services Offered</h3><p>Different pets have different needs. Ensure the clinic provides a range of services, including vaccinations, surgeries, and emergency care. Some clinics might also offer grooming or boarding services, which can be convenient for busy pet owners.</p><h3>Clinic Environment</h3><p>Assess the clinic's atmosphere. A clean, welcoming environment makes both you and your pet feel comfortable. Notice how the staff interacts with animals; they should demonstrate kindness and professionalism. Your pet’s emotions matter too; their comfort level during visits can significantly impact their health.</p><h3>Availability and Accessibility</h3><p>Consider clinic hours and the availability of emergency services. If your schedule varies, find a clinic with flexible hours. It’s also essential to have easy access to the clinic's location in case of urgent situations.</p><h3>Client Reviews and Recommendations</h3><p>Read reviews from other pet owners. Positive testimonials often reflect the quality of care and service a clinic provides. Ask friends or family in Adamsville for personal recommendations, as personal experiences can guide you to trustworthy options.</p><h3>Communication Style</h3><p>Effective communication between you and the veterinarian is crucial. They should listen to your concerns and explain treatment plans clearly. Feel free to ask questions; a good vet welcomes these discussions to ensure you both understand your pet's needs.</p><h3>Community Involvement</h3><p>Look for clinics that engage with the local community. Clinics that participate in outreach or offer free health clinics often show they care about more than just profit. This involvement can indicate a commitment to animal welfare that extends beyond their clinic walls.</p><p>These factors create a comprehensive framework to guide your veterinarian selection process in Adamsville. Prioritizing each aspect leads to better health outcomes for your beloved pets.</p><h2 data-id=""XNNtwfYIutwnTApIUOg-G"" id=""XNNtwfYIutwnTApIUOg-G"">Cost and Affordability of Pet Clinics in Adamsville</h2><p>Understanding the cost and affordability of pet clinics in Adamsville is essential for pet owners. You want the best care for your furry friends without very costly. Various factors influence pricing, such as location, services offered, and the clinic's overall reputation.</p><h3>Average Costs of Services</h3><p>Pet services vary widely in price. Here’s a breakdown of average costs you can expect at clinics in Adamsville:</p><table><thead><tr><th><strong>Service</strong></th><th><strong>Average Cost</strong></th></tr></thead><tbody><tr><td>Wellness Exam</td><td>$45 - $75</td></tr><tr><td>Vaccinations</td><td>$15 - $80</td></tr><tr><td>Spay/Neuter</td><td>$200 - $500</td></tr><tr><td>Dental Cleaning</td><td>$300 - $1,000</td></tr><tr><td>Emergency Visit</td><td>$75 - $300</td></tr></tbody></table><p>These figures provide a glimpse into potential expenses. Keep in mind that clinics offer packages that may reduce costs, especially for initial visits.</p><h3>Factors Affecting Costs</h3><p>Consider several factors that drive clinic costs:</p><ol><li><strong>Location</strong>: Urban clinics often charge more than rural counterparts due to higher overhead costs.</li><li><strong>Services Provided</strong>: Specialized services, like surgery or advanced diagnostics, typically cost more.</li><li><strong>Experience</strong>: Board-certified veterinarians may charge premium rates for their expertise.</li><li><strong>Facility Quality</strong>: Modern clinics with advanced equipment may have higher fees reflecting their service quality.</li></ol><h3>Budgeting for Pet Care</h3><p>You can manage pet care expenses by planning ahead. Identify essential services and set a budget. Consider routine check-ups a necessity rather than an option. Many clinics offer wellness plans that spread out costs, making it easier for you to afford care.</p><h3>Financial Assistance and Discounts</h3><p>Many clinics in Adamsville provide financial assistance options. Such programs include:</p><ol><li><strong>Payment Plans</strong>: Allows you to pay in installments instead of a one-time fee.</li><li><strong>Discount Programs</strong>: Some clinics offer discounts for senior pets or multiple pet families.</li><li><strong>Nonprofit Organizations</strong>: Local nonprofits can assist with costs for low-income pet owners or those facing emergencies.</li></ol><p>You can ensure your pet receives the necessary care while staying within your budget by exploring these options. Remember, investing in your pet’s health is an investment in their happiness and longevity.</p>"
Adel,
Akron,
Alabaster,
Alameda,
Alamogordo,
Albany,
Albion,
Alderson,
Alexandria,
Allentown,
Alma,
Alpine,
Altamont,
Alto,
American Fork,
Amherst,
Ammon,
Amsterdam,
Andalusia,
Andover,
Angleton,
Anita,
Ankeny,
Anna,
Annandale,
Anniston,
Antioch,
Apex,
Apollo,
Appleton City,
Arlington,
Asbury Park,
Ash Flat,
Ashdown,
Asheville,
Ashland,
Askov,
Athens,
Atlantic Highlands,
Atlantis,
Auburn,
Augusta,
Aurora,
Austin,
Avon,
Avondale,
Aylett,
Bakerstown,
Baltimore,
Barberton,
Barboursville,
Bartlesville,
Bartlett,
Basehor,
Batavia,
Baton Rouge,
Battle Ground,
Baxter Springs,
Bay Shore,
Bayboro,
Bayonne,
Beattyville,
Beaufort,
Beavercreek,
Beckley,
Beckwourth,
Bedford,
Beldenville,
Belford,
Bellbrook,
Belle,
Bellefontaine,
Belleville,
Bemidji,
Bennington,
Bensenville,
Benson,
Benton,
Berea,
Bergenfield,
Berkeley Lake,
Berlin,
Bernville,
Bessemer,
Bethesda,
Beulaville,
Big Bend,
Big Stone Gap,
Billings,
Binghamton,
Birmingham,
Black River Falls,
Blair,
Blairsville,
Blissfield,
Bloomfield,
Bloomingdale,
Bloomsburg,
Blue Hill,
Bluefield,
Bluffton,
Boiling Springs,
Bolingbrook,
Bolivar,
Bonham,
Bonners Ferry,
Boone,
Boonsboro,
Bordentown,
Bossier City,
Boston,
Boulder,
Bowmansville,
Bradford,
Brady,
Brandenburg,
Brandon,
Breckenridge,
Brevard,
Brick Township,
Bridgeport,
Bridgeton,
Bristol,
Britton,
Brockton,
Brockway,
Brookfield,
Brookings,
Brookland,
Brooklyn,
Brookville,
Brownsville,
Brunswick,
Bryan,
Buckeystown,
Buckhannon,
Bucyrus,
Buffalo,
Buford,
Bunn,
Burlington,
Burnsville,
Burton,
Bushnell,
Caledonia,
Califon,
Cambridge,
Cameron,
Camilla,
Campton Hills,
Canal Fulton,
Canastota,
Caney,
Canoga Park,
Cañon City,
Canton,
Cape Coral,
Cape May Court House,
Carbondale,
Carlisle,
Carpentersville,
Carroll,
Cassopolis,
Castleton-On-Hudson,
Cazenovia,
Cedar Bluff,
Cedar Rapids,
Cement City,
Centerburg,
Centerville,
Chadds Ford,
Chalmette,
Chamberlain,
Champaign,
Chandler,
Charles Town,
Charleston,
Charlotte,
Charlottesville,
Chatsworth,
Chattanooga,
Cheektowaga,
Chester,
Chesterfield,
Chicago,
Chillicothe,
Chino Valley,
Choctaw,
Cincinnati,
Cinnaminson,
Clarks Grove,
Clarksburg,
Clarksville,
Clay Center,
Clayton,
Cleveland,
Clifton Park,
Clinton,
Clinton Twp,
Clio,
Coalgate,
Coatesville,
Cody,
Coffeyville,
Cohoes,
Colby,
Colchester,
Colfax,
Collinsville,
Columbia,
Columbus,
Colville,
Comer,
Concord,
Concordia,
Conestoga,
Connelly Springs,
Conover,
Conrad,
Conroe,
Constantine,
Conway Springs,
Copperas Cove,
Corsicana,
Cortland,
Corvallis,
Corydon,
Cottonwood Heights,
Coweta,
Crab Orchard,
Cream Ridge,
Crest Hill,
Creston,
Crockett,
Cross Lanes,
Crowley,
Crown Point,
Cullman,
Dacula,
Dallas,
Damascus,
Danielsville,
Danville,
Davenport,
Dayton,
Decorah,
Delafield,
Delhi,
Dell Rapids,
Delmar,
Delmont,
Denver,
Des Moines,
Devon,
DeWitt,
Dexter,
Dickinson,
Dillard,
Dolores,
Dora,
Dover,
Downers Grove,
Doylestown,
Dresden,
Driggs,
Dry Ridge,
Duanesburg,
Dublin,
Dubois,
Dubuque,
Duluth,
Dumont,
Duncannon,
Dunkirk,
Durango,
Durham,
Dyer,
Eagle,
Earlham,
Earlville,
East Amherst,
East Aurora,
East Canton,
East Granby,
East Greenwich,
East Hanover,
East Pennsboro Township,
East Point,
East Providence,
East Smithfield,
East Stroudsburg,
East Windsor,
Eaton Rapids,
Ebensburg,
Edinboro,
Edison,
Egg Harbor Township,
El Cajon,
El Paso,
Eldon,
Eldorado,
Elizabeth,
Elkader,
Elkins,
Ellerslie,
Ellsworth,
Elmwood Park,
Emerson,
Emmaus,
Emmett,
Englewood,
Englishtown,
Ennis,
Ephrata,
Erie,
Essex Junction,
Estero,
Ewing,
Ewing Township,
Fair Lawn,
Fairborn,
Fairfield,
Fairlawn,
Fairview Heights,
Falls Church,
Fargo,
Farmdale,
Farmersville,
Farmingdale,
Farmville,
Fayette,
Fayetteville,
Federal Way,
Feeding Hills,
Festus,
Fitchburg,
Fitzgerald,
Flatwoods,
Fleetwood,
Florence,
Flowery Branch,
Foley,
Fords,
Forest,
Forest Hill,
Fork Union,
Fort Huachuca,
Fort Jones,
Fort Lauderdale,
Fort Lawn,
Fort Mill,
Fort Pierre,
Fort Thomas,
Fouke,
Fox River Grove,
Franklin,
Frederick,
Fredericktown,
Freehold,
Front Royal,
Fruitland,
Gahanna,
Gainesville,
Galion,
Gallipolis,
Galloway,
Galveston,
Galway,
Gardiner,
Gardner,
George West,
Georgetown,
Germantown,
Getzville,
Gibson City,
Gig Harbor,
Glade Spring,
Glen Burnie,
Glen Carbon,
Glen Dale,
Glen Gardner,
Glen Mills,
Glendale,
Glenwood,
Gloversville,
Golden,
Gonzales,
Graff,
Graham,
Grand Blanc,
Granville,
Gray,
Great Bend,
Green Brook Township,
Greenacres,
Greenback,
Greenbrae,
Greenfield,
Greenfield Township,
Greensburg,
Greenup,
Gregory,
Gretna,
Guilderland,
Gunnison,
Hagerstown,
Hahira,
Ham Lake,
Hamburg,
Hamilton,
Hamilton Township,
Hammond,
Hanceville,
Harbor Beach,
Hardwick,
Harmony,
Harrisburg,
Harrodsburg,
Hasbrouck Heights,
Haslett,
Hattiesburg,
Havana,
Havre De Grace,
Hayden,
Hayden Lake,
Hayes,
Hazlehurst,
Hazleton,
Heber Springs,
Hebron,
Henderson,
Herculaneum,
Hermann,
Hermantown,
Hermitage,
Hewitt,
Hiawatha,
Highland,
Highland Park,
Highlands,
Highlands Ranch,
Hills,
Hillsboro,
Hinckley,
Hinton,
Hixson,
Hoboken,
Holicong,
Hollidaysburg,
Hollywood,
Holmdel,
Holmen,
Homer,
Homer City,
Homewood,
Homeworth,
Honesdale,
Hoosick Falls,
Hoover,
Hope,
Hopedale,
Hopwood,
Horner,
Hoschton,
Houghton Lake,
Houston,
Howard,
Hubbard,
Huber Heights,
Hudson,
Hughes Springs,
Humboldt,
Huntington,
Hurricane,
Idaho Falls,
Ijamsville,
Ila,
Imperial,
Independence,
Indian Head,
Indian Land,
Indiana,
Indianapolis,
Inwood,
Iron River,
Irondale,
Iselin,
Issaquah,
Jackson,
Jacksonville,
Jamesburg,
Jamestown,
Janesville,
Jefferson,
Jefferson City,
Jeremiah,
Jersey City,
Johns Creek,
Joliet,
Jonesburg,
Jonesville,
Junction City,
Juneau,
Jupiter,
Justin,
Kailua-Kona,
Kearneysville,
Kelso,
Kenai,
Kenmore,
Kenner,
Kennesaw,
Kent,
Kenton,
Kerhonkson,
Kettering,
Keyser,
Kilgore,
Kimball,
Kincheloe,
Kingsley,
Kingston,
Kingstree,
Kittanning,
Knob Lick,
Kodiak,
La Crosse,
La Grande,
La Grange,
La Marque,
La Mesa,
La Plata,
La Quinta,
La Salle,
La Vale,
Lackawanna,
Lacon,
Lafayette,
Lake Ariel,
Lake Tapps,
Lake Worth Beach,
Lake Worth Corridor,
Lakewood,
Lambertville,
Lampasas,
Lancaster,
Lansing,
Larksville,
Latham,
Lathrop,
Lauderhill,
Lawrenceville,
Lebanon,
Leesburg,
Lehi,
Lehigh Acres,
Lehighton,
Leicester,
Leipsic,
Leitchfield,
Lemon Grove,
Lemont,
Lennox,
Leonard,
Lewis Center,
Lewisburg,
Lewiston,
Lexington,
Lincoln,
Lincoln Park,
Linden,
Litchfield,
Little Silver,
Littlefield,
Livingston,
Lockport,
Locust Grove,
Lodi,
Logan,
London,
Long Beach,
Long Prairie,
Lorain,
Loudon,
Lovell,
Lovettsville,
Low Point,
Luverne,
Luzerne,
Macedonia,
Macomb,
Macon,
Macy,
Madison,
Madisonville,
Magnolia,
Mahomet,
Manalapan Township,
Manchester,
Manhattan,
Manistique,
Mannford,
Mannington Township,
Mansfield,
Mansura,
Manteca,
Mantua Township,
Mapleton,
Marietta,
Marion,
Marlboro Township,
Marlborough,
Marrero,
Marshall,
Martin,
Martinsville,
Massillon,
Maurice,
Maywood,
McCall,
McLean,
Mead,
Mechanicsburg,
Media,
Medina,
Menard,
Merrillville,
Mesa,
Metairie,
Metuchen,
Miami,
Middlebury Center,
Middleton,
Middletown,
Middletown Township,
Midwest City,
Milbank,
Milbridge,
Milford Square,
Mill Hall,
Mill Valley,
Millersburg,
Millerstown,
Millsap,
Milton,
Minneapolis,
Mint Hill,
Missouri City,
Mitchell,
Moberly,
Modena,
Monona,
Monroe,
Monroe City,
Monroeville,
Montclair,
Monticello,
Montpelier,
Montrose,
Moorestown,
Morenci,
Morris,
Morris Plains,
Morristown,
Morrisville,
Moultonborough,
Moultrie,
Moundsville,
Mt Carmel,
Mt Gilead,
Mt Hope,
Mt Pleasant,
Mt Sterling,
Mt Vernon,
Mt Washington,
Mulvane,
Muscle Shoals,
Nampa,
Naperville,
Nashville,
National City,
Neptune City,
New Bern,
New Britain,
New Carlisle,
New Cumberland,
New Era,
New Freeport,
New Glarus,
New Haven,
New Hope,
New Martinsville,
New Orleans,
New Ross,
New Tripoli,
New Washington,
New Wilmington,
New York,
Newburgh,
Newbury,
Newcastle,
Newport,
Newtown,
Niagara Falls,
Nome,
Norman,
Normangee,
North Branch,
North Canton,
North Chesterfield,
North Clarendon,
North Easton,
North Logan,
North Olmsted,
North Ridgeville,
North Royalton,
North Tonawanda,
North Yarmouth,
Northampton,
Northwood,
Norton,
Norwalk,
Norwich,
Nottingham,
Nutter Fort,
Oak Ridge,
Oakford,
Oakhurst,
Oakland,
Oakland Park,
Oakley,
Oakwood,
Oberlin,
Ocala,
Okatie,
Olathe,
Old Hickory,
Oley,
Olin,
Olivette,
Olmsted Falls,
Olyphant,
Omaha,
Omro,
Orchard Park,
Oregon,
Oregon House,
Oriskany Falls,
Orlando,
Ormond Beach,
Oroville,
Orrington,
Orson,
Orwell,
Osborne,
Ossian,
Oswego,
Ottawa,
Overland Park,
Ovid,
Owens Cross Roads,
Owenton,
Owings,
Oxford,
Pahrump,
Painter,
Paintsville,
Palmer,
Panama City,
Panama City Beach,
Paris,
Park Rapids,
Parker,
Parsippany,
Parsons,
Pasadena,
Paterson,
Paxton,
Peach Bottom,
Peachtree Corners,
Pennington,
Peosta,
Perry,
Petersburg,
Philadelphia,
Phillipsburg,
Phoenix,
Pierpont,
Pierz,
Pillager,
Pine Bluff,
Pine Bush,
Pinedale,
Piper City,
Plainfield,
Plantation,
Plattsburgh,
Pleasanton,
Point Pleasant,
Polo,
Pomeroy,
Ponca City,
Port Hadlock-Irondale,
Port Isabel,
Port Washington,
Portales,
Portland,
Portsmouth,
Postville,
Potlatch,
Poultney,
Powell,
Princeton,
Prospect,
Providence,
Punxsutawney,
Purcellville,
Puyallup,
Raleigh,
Ramsey,
Ranchester,
Randolph,
Rayne,
Reading,
Readington Township,
Red Bank,
Red Hook,
Red Lion,
Red Oak,
Redwood City,
Reklaw,
Remus,
Rensselaer,
Rice,
Richburg,
Richmond,
Ridgway,
Rising Sun,
River Forest,
Riverview,
Roaring Spring,
Robbinsville Twp,
Rochester,
Rock City,
Rock Hill,
Rock Springs,
Rockledge,
Rockport,
Rockville,
Rogers,
Roland,
Roosevelt,
Roscoe,
Roslyn,
Rossford,
Rossville,
Royston,
Russell,
Rutherford,
Saegertown,
Sagamore Hills,
Saginaw,
Salem,
San Antonio,
San Diego,
San Francisco,
San Juan Capistrano,
Sandusky,
Santa Clara,
Santee,
Saratoga Springs,
Sardinia,
Sartell,
Savoy,
Sayreville,
Scarborough,
Schuyler,
Schuylkill Haven,
Secaucus,
Sevierville,
Seward,
Sewell,
Shelburne,
Shelby,
Shelby Charter Township,
Shelley,
Shelocta,
Shenandoah,
Sheridan,
Shoshone,
Shreveport,
Silver Spring,
Silver Springs,
Simsbury,
Sinking Spring,
Sioux Falls,
Sitka,
Skippack,
Slingerlands,
Smethport,
Smiths Grove,
Smithsburg,
Snellville,
Snyderville,
Soldotna,
Sorento,
South Abington Township,
South Amboy,
South Bend,
South Charleston,
South Hamilton,
South Pasadena,
South Plainfield,
South Richmond Hill,
South Williamson,
Southampton Township,
Southwick,
Spalding,
Spanaway,
Sparta,
Spencer,
Spokane,
Spokane Valley,
Spring,
Spring Valley,
Springfield,
Springville,
St Ansgar,
St Croix Falls,
St Davids,
St Elmo,
St Francis,
St James,
St Jo,
St Johns,
St Marys,
St Paul,
St. George,
St. Louis,
Stanton,
Star,
Staten Island,
Staunton,
Stevenson,
Stewartstown,
Stirling,
Stockport,
Stockton,
Stoughton,
Stow,
Strongsville,
Sturbridge,
Suffield,
Sugar Grove,
Sugarcreek,
Sulphur,
Summerfield,
Summerville,
Sun City,
Sun Lakes,
Sun Prairie,
Sunland,
Sunrise,
Syracuse,
Tacoma,
Talcott,
Tamarac,
Tampa,
Taos,
Tarzana,
Taylor,
Taylor Mill,
Taylorsville,
Tea,
Tecumseh,
Tega Cay,
Tempe,
Terrytown,
The Woodlands,
Thibodaux,
Thief River Falls,
Thompson,
Thorntown,
Three Forks,
Three Rivers,
Tigard,
Tilton,
Tinton Falls,
Tipp City,
Tishomingo,
Toledo,
Tomah,
Tonawanda,
Tonawanda Town,
Topsham,
Towanda,
Townsend,
Tremont,
Tremonton,
Trenton,
Troy,
Trussville,
Tuskegee,
Unadilla,
Union,
Union City,
Uniontown,
University Place,
Urbana,
Utica,
Valparaiso,
Vancouver,
Ventura,
Vernon,
Verona,
Versailles,
Vestavia Hills,
Viborg,
Victor,
Vidalia,
Vienna,
Villa Ridge,
Vineland,
Visalia,
Voorheesville,
Waco,
Wadsworth,
Waldorf,
Walkersville,
Waltham,
Wamego,
Warwick,
Washington,
Wasilla,
Waterboro,
Waterford,
Waterville,
Watkinsville,
Waunakee,
Waupaca,
Wauseon,
Waverly,
Waynesville,
Weare,
Weatogue,
Wedowee,
Wellington,
Wellston,
West Alexandria,
West Brookfield,
West Chester,
West Creek,
West Des Moines,
West Fargo,
West Lafayette,
West Liberty,
West Richland,
West Seneca,
West Trenton,
West Union,
Western Springs,
Westfield,
Westlake,
Westmoreland,
Weston,
Westover,
Westport,
Weyauwega,
Wheat Ridge,
Wheeling,
Whippany,
White Hall,
White House Station,
White Plains,
Whiteford,
Whitehall,
Whitestone,
Whittemore,
Whittier,
Wilder,
Wilkes-Barre,
Wilkes-Barre Township,
Willard,
Williamsburg,
Williamsfield,
Williamsport,
Williamstown,
Williamsville,
Wilmette,
Wilton,
Winchester,
Winder,
Windsor,
Winfield,
Winnetka,
Winston-Salem,
Woburn,
Womelsdorf,
Woodbridge,
Woodland,
Woodland Hills,
Woodruff,
Wyoming,
Wyomissing,
Wysox,
Zachary,