Image URL,Category,Business Name,Rating,Number of Reviews,Street,City,State,Website,Phone,Latitude,Longitude
https://lh3.googleusercontent.com/p/AF1QipMHszvwj8gJt_Ygthu_luXag4X7twdy8p2xY7ys=w408-h300-k-no,SEO Agency,SEOzone,5,28,,,California,https://seozone.us/,(510) 725-9432,342.544,-1.186.002
https://lh3.googleusercontent.com/p/AF1QipPNEKWlSjr-O9YzS_I7QYvBthzHafKKCDY99TCp=w415-h240-k-no,SEO Agency,Local SEO Socially,5,23,425 2nd St #100,San Francisco,California,http://www.seosocially.com/,(415) 683-0384,342.544,-1.186.002
https://lh3.googleusercontent.com/p/AF1QipMExZ8RpbFfC4SlbFR8a8x8M1-es_6otZR_keEy=w426-h240-k-no,SEO Agency,Lakeshore Local SEO,5,3,,,California,https://lakeshorelocalseo.biz/?utm_source=google&utm_medium=organic&utm_campaign=gbp-listing,(510) 255-1166,342.544,-1.186.002
https://lh3.googleusercontent.com/p/AF1QipOfXjXu6e3QyCewfSg1-8TH5pR5IXOGjXS1q9w8=w408-h342-k-no,SEO Agency,Magnified Media,5,55,1261 Locust St Number 76,Walnut Creek,California,https://www.magnifiedmedia.net/walnut-creek-internet-marketing,(925) 240-3481,342.544,-1.186.002
https://streetviewpixels-pa.googleapis.com/v1/thumbnail?panoid=-02OUO_Gg4v12JqQNQoazA&cb_client=search.gws-prod.gps&w=408&h=240&yaw=169.50662&pitch=0&thumbfov=100,SEO Agency,ClientClicks Internet Marketing,5,20,201 W Richmond Ave. STE 2,Richmond,California,https://www.clientclicks.com/,(510) 255-7270,342.544,-1.186.002
https://lh3.googleusercontent.com/p/AF1QipMTWVVlqxRHvmddvi5fO2D23qwYjk29FNhXNdcE=w426-h240-k-no,SEO Agency,Paul Andre de Vera - SEO Consultant,5,14,4100 Brookdale Ave,Oakland,California,https://paulandre.com/,(510) 691-6651,342.544,-1.186.002
https://lh3.googleusercontent.com/p/AF1QipPRAdGHBeKhU1-3FEbRr0rELIGNrttZJUH6CZDn=w408-h271-k-no,SEO Agency,Craig Mullins Consulting,5,16,,,California,https://craig-mullins.com/,(925) 963-2857,342.544,-1.186.002
https://lh3.googleusercontent.com/p/AF1QipOFB-GlaDd80FRq9aitgiCT2HqeNYDHqfBPBf44=w408-h257-k-no,SEO Agency,Jade Orchard Marketing Agency,4.8,25,,,California,https://jadeorchard.com/?utm_source=gbp&utm_medium=organic&utm_campaign=hq,(510) 735-9046,342.544,-1.186.002
https://streetviewpixels-pa.googleapis.com/v1/thumbnail?panoid=ZyBJ18NvUT9-2fXSDTpPdg&cb_client=search.gws-prod.gps&w=408&h=240&yaw=25.49901&pitch=0&thumbfov=100,SEO Agency,Stackmatix,5,20,181 2nd St,San Francisco,California,http://www.stackmatix.com/,(415) 993-9077,342.544,-1.186.002
https://lh3.googleusercontent.com/p/AF1QipPCIMLkvEUf0vjrPEmE5n7182nbV8oavvmyTK4G=w426-h240-k-no,SEO Agency,SEO Video Show,5,6,,Oakland,California,http://seo.video/,(323) 523-5122,342.544,-1.186.002
https://lh3.googleusercontent.com/p/AF1QipONVItOMZPJJfrTzpBmhb6IbzwxyQ_hiFButMju=w408-h408-k-no,SEO Agency,SEO Derek,,0,,,California,https://seoderek.com/,(442) 786-2176,342.544,-1.186.002
https://lh3.googleusercontent.com/p/AF1QipNEM86r0-SROAk11-NAl5bVVuBaxr2gkFgYzqSj=w408-h258-k-no,SEO Agency,Two Hats Consulting,5,11,3392 Adeline St,Berkeley,California,https://twohatsconsulting.com/,(415) 515-1252,342.544,-1.186.002
https://lh3.googleusercontent.com/p/AF1QipNYtU4fjFuCuaDxs4VnM9owbfEzXemLW0kgO9v6=w408-h408-k-no,SEO Agency,ESP Inspire,5,9,1223 Solano Ave Ste. 7,Albany,California,https://www.espinspire.com/,(510) 526-2592,342.544,-1.186.002
https://lh3.googleusercontent.com/p/AF1QipNGqGE5dY66swuMNIdbId98-ZyckXwcB8A1dzq0=w720-h240-k-no,SEO Agency,Single Origin Media - Digital Marketing Agency,5,4,1212 Broadway Plaza,Walnut Creek,California,https://singleorigin.co/?utm_source=google&utm_medium=organic&utm_campaign=gbp_profile,(925) 289-8879,342.544,-1.186.002
https://lh3.googleusercontent.com/p/AF1QipNbQG2E9ClP6bAOw-XAdxFHWdoPnIataDs_7wqY=w408-h329-k-no,SEO Agency,Tech Design Studios,5,48,3879 Los Arabis Dr,Lafayette,California,http://techdesignstudios.com/,(925) 323-7245,342.544,-1.186.002
https://lh3.googleusercontent.com/p/AF1QipPESvJ5G-Q0Z_s1GOKjRqHB0ZIN0LsWq3AHKkU=w425-h240-k-no,SEO Agency,California SEO Professionals - Digital Marketing Agency,4.7,14,237 Kearny St #9161,San Francisco,California,https://www.californiaseopros.com/,(925) 315-9736,342.544,-1.186.002
https://streetviewpixels-pa.googleapis.com/v1/thumbnail?panoid=ZbqPUI491AnbF7Hiwf_jmQ&cb_client=search.gws-prod.gps&w=408&h=240&yaw=13.098132&pitch=0&thumbfov=100,SEO Agency,Repuwebdesign Agency,5,1,1503 Macdonald Ave,Richmond,California,https://repuwebdesignagency.com/,(866) 828-9249,342.544,-1.186.002
https://lh3.googleusercontent.com/p/AF1QipOhkBQMzuJmt4fTkyjebuk2i4lu91YPzQSriAvO=w408-h273-k-no,SEO Agency,Agile Digital Marketing now Growth Operations Firm,5,5,3515 Mount Diablo Blvd Ste 48,Lafayette,California,https://www.agiledigitalmktg.com/,(925) 299-1358,342.544,-1.186.002
https://streetviewpixels-pa.googleapis.com/v1/thumbnail?panoid=vqGrEGQ_rTbzUKGdj4QQQw&cb_client=search.gws-prod.gps&w=408&h=240&yaw=253.30652&pitch=0&thumbfov=100,SEO Agency,rankfellas,,0,170 Montrose Rd,Berkeley,California,https://www.rankfellas.com/,(510) 344-7692,342.544,-1.186.002
https://lh3.googleusercontent.com/p/AF1QipOatB_RNb96u9vKx9xakAFGs13Q1ojSvqGqouuL=w408-h266-k-no,SEO Agency,Victorious SEO,4.8,69,548 Market St #41895,San Francisco,California,https://victorious.com/seo-company-san-francisco/,(415) 621-9830,342.544,-1.186.002